config,pt_min,pt_max,pt_center,y_ee,e_ee,y_eeg,e_eeg,raw_eeg,pol2_eeg,eeg_over_ee,ee_over_eeg,fit_mean,fit_sigma,fit_chi2,fit_ndf
nominal,0.8,1.0,0.9,23929.0,154.69001260585637,3414.0770739806276,71.68681887209112,5139.0,1724.9229260193729,0.14267529248947416,7.008922025330873,0.13212110380367242,0.01110854176494792,1263.5658068838727,285
nominal,1.0,1.3,1.15,33129.0,182.01373574541017,5074.530000642796,85.17041739947034,7254.0,2179.4699993572035,0.15317486192287108,6.528486381163086,0.1317009046556005,0.010925803969634391,774.0260528757294,286
nominal,1.3,1.7,1.5,21202.0,145.60906565183365,3833.7134731142683,70.83784299369935,5018.0,1184.2865268857329,0.1808184828371978,5.5304080883167375,0.13172607167425882,0.010950709389710376,441.4273217561305,286
nominal,1.7,2.0,1.85,7820.0,88.43076387773658,1520.5938601092823,43.32435804486894,1877.0,356.40613989071755,0.19444934272497216,5.142727591598976,0.13151853570574876,0.011339769800367293,402.90991836968334,286
nominal,2.0,2.5,2.25,5818.0,76.27581530209953,1236.9549800167604,38.781438859330635,1504.0,267.0450199832396,0.21260828119916816,4.70348565145125,0.13159472832609742,0.011335285625207603,281.5210691173338,285
nominal,2.5,3.0,2.75,2021.0,44.955533585978046,489.68466730533214,23.769728648009426,565.0,75.31533269466775,0.2422982025261416,4.127145763254723,0.13280436380667526,0.011231210997642542,298.02616798485775,271
nominal,3.0,4.0,3.5,1056.9490246949167,32.511536451682616,258.1709010391121,17.776388834631177,316.0,57.82909896088791,0.24426050358827087,4.093989758105202,0.13278649693998026,0.011394502165106445,138.50816458340108,233
nominal,4.0,5.0,4.5,198.0,14.071247279470288,21.366629595584595,8.06225774829855,65.0,43.6333704044154,0.10791227068477068,9.266786748665153,0.12819924792940987,0.0069366629568091715,17.894469704818523,100
nominal,5.0,7.0,6.0,80.94485294117649,9.000005631846568,-19.843894696312283,4.69041575982343,22.0,41.843894696312276,-0.24515326145237495,-4.079080955626064,0.12483655564782394,0.006000000858527397,2.347778678465394,46
nominal,7.0,10.0,8.5,14.0,3.7416573867739413,-35.995944478588775,2.0,4.0,39.99594447858878,-2.5711388913277697,-0.3889327034696235,0.13990551083901964,0.026609712479156295,2.8859603607639136e-07,3
conv_solution,0.8,1.0,0.9,30581.754981048394,174.89425393117457,4135.331134713796,80.34923770640266,6456.0,2320.6688652862035,0.13522216554532182,7.395237282047775,0.13202074371583875,0.011066970849416328,1542.3336553222618,285
conv_solution,1.0,1.3,1.15,40132.77340543116,200.3621726952963,5923.192037409153,93.13431161500041,8674.0,2750.807962590847,0.147589900592506,6.775531360787269,0.1315498151498722,0.010940249966195166,895.6123886644926,286
conv_solution,1.3,1.7,1.5,24481.20423067565,156.4896171660645,4293.60918338253,75.61084578286372,5717.0,1423.390816617471,0.17538390444055507,5.701777498852192,0.13160492971519036,0.011088307977916859,444.0316493236466,286
conv_solution,1.7,2.0,1.85,8637.994949504398,92.95698053651198,1641.7051032777451,45.17742799230607,2041.0,399.29489672225486,0.19005627033527467,5.2615996211854466,0.13159358909324534,0.011292977614725662,424.1297638788564,286
conv_solution,2.0,2.5,2.25,6297.039659123245,79.36624106129975,1306.9673675402569,40.049968789001575,1604.0,297.0326324597427,0.20755266574297385,4.81805423418828,0.13166068749783916,0.011288264174341906,294.26414710591115,285
conv_solution,2.5,3.0,2.75,2144.7547262540547,46.3141448811533,512.4673297812502,24.289915602982237,590.0,77.53267021874987,0.23893983004588396,4.185154060785799,0.13257915864917172,0.011197539874525573,327.703016528372,276
conv_solution,3.0,4.0,3.5,1106.6431728644181,33.271611322646855,267.41221371896205,18.138357147217054,329.0,61.58778628103797,0.24164267243143642,4.138341915928527,0.13317618579280027,0.011284228163625365,152.8166486362458,240
conv_solution,4.0,5.0,4.5,202.0,14.212670403551895,23.624021290910132,8.306623862918075,69.0,45.37597870908986,0.11695060045005017,8.5506187753786,0.1276618942879497,0.00691778791142469,19.333601213103798,103
conv_solution,5.0,7.0,6.0,80.88970588235297,9.000022527365116,-19.843894696312283,4.69041575982343,22.0,41.843894696312276,-0.24532039620929638,-4.076301911508592,0.12483655564782394,0.006000000858527397,2.347778678465394,46
conv_solution,7.0,10.0,8.5,15.0,3.872983346207417,-35.995944478588775,2.0,4.0,39.99594447858878,-2.3997296319059185,-0.4167136108603109,0.13990551083901964,0.026609712479156295,2.8859603607639136e-07,3
conv_tight,0.8,1.0,0.9,15021.0,122.56018929489298,2177.6279363013964,56.894639466297704,3237.0,1059.3720636986034,0.14497223462495148,6.897872565647048,0.13259808683348911,0.010414165373204904,965.9939349061162,281
conv_tight,1.0,1.3,1.15,21360.0,146.15060725156087,3263.1136319525194,68.06614430096654,4633.0,1369.886368047481,0.1527674921326086,6.545895242765117,0.13234336873187721,0.010355396856640572,662.1446697603011,286
conv_tight,1.3,1.7,1.5,14465.0,120.2705283932851,2622.3043448440626,58.35237784358063,3405.0,782.6956551559365,0.18128616279599466,5.516140805105585,0.13216733131676414,0.010592182968759757,396.22972283618395,286
conv_tight,1.7,2.0,1.85,5701.0,75.50496672405067,1095.7684367313336,36.823905279043935,1356.0,260.2315632686667,0.19220635620616272,5.202741572850945,0.13188555532491555,0.011042923440492037,291.6324140724314,283
conv_tight,2.0,2.5,2.25,4250.0,65.19202405202648,901.8133552191482,32.984845004941285,1088.0,186.18664478085168,0.21219137769862312,4.712726835773257,0.13166386773832822,0.011139276227005099,333.1593064794539,285
conv_tight,2.5,3.0,2.75,1492.0,38.62641583165593,349.2291515403586,20.149441679609886,406.0,56.77084845964149,0.23406779593857815,4.272266485827937,0.13398063157335724,0.010468811812320603,226.7859269885386,257
conv_tight,3.0,4.0,3.5,781.0,27.94637722496424,179.55690154343105,15.329709716755891,235.0,55.44309845656894,0.22990640402487972,4.34959610734368,0.13410058443970027,0.010540094140720997,94.67143239385025,206
conv_tight,4.0,5.0,4.5,154.0,12.409673645990857,9.726226287588347,7.14142842854285,51.0,41.273773712411646,0.06315731355576848,15.833479033540444,0.13079169640958604,0.006000002793849886,12.55790106680236,81
conv_tight,5.0,7.0,6.0,58.944852941176485,7.681152346703579,-23.751871988998413,4.123105625617661,17.0,40.75187198899842,-0.40295073791602115,-2.481692936391668,0.13263586879446088,0.008228675281847337,1.3032693115298724,35
conv_tight,7.0,10.0,8.5,9.0,3.0,-35.79037608363168,1.4142135623730951,2.0,37.790376083631685,-3.976708453736853,-0.2514642477902334,0.11685109132202615,0.01764525849089678,3.83455863231849e-06,0
ecore04,0.8,1.0,0.9,23929.0,154.69001260585637,2507.9714984169495,57.645468165329355,3323.0,815.0285015830502,0.1048088720137469,9.54117700903067,0.1323709912746076,0.011061906184319346,582.1703589586033,285
ecore04,1.0,1.3,1.15,33129.0,182.01373574541017,3883.4100144245645,70.27090436304346,4938.0,1054.5899855754358,0.1172208643310865,8.530904508394793,0.1318592547851404,0.010878488355036946,383.99608060418217,286
ecore04,1.3,1.7,1.5,21202.0,145.60906565183365,2948.931787303348,59.64059020499378,3557.0,608.0682126966524,0.1390874345487854,7.189722085565153,0.1320106198052523,0.010707112033745846,328.64176225791783,286
ecore04,1.7,2.0,1.85,7820.0,88.43076387773658,1193.9863594534731,36.945906403822335,1365.0,171.01364054652623,0.15268367767947227,6.5494885582943105,0.13204055263449527,0.011688517776333621,311.97102781024904,285
ecore04,2.0,2.5,2.25,5818.0,76.27581530209953,1016.5983051880951,33.793490497431605,1142.0,125.40169481190468,0.17473329411964508,5.723007770432521,0.13173462441305298,0.011213117461112176,312.09943991442907,282
ecore04,2.5,3.0,2.75,2021.0,44.955533585978046,373.95928996154976,20.784609690826528,432.0,58.04071003845027,0.1850367590111577,5.404331579001013,0.13282489241162398,0.01047844261126617,178.3201199073502,247
ecore04,3.0,4.0,3.5,1056.9490246949167,32.511536451682616,203.28867077493146,15.874507866387544,252.0,48.71132922506852,0.19233535962967538,5.1992519832308055,0.13333419091463325,0.01125241374327104,79.9496346249017,199
ecore04,4.0,5.0,4.5,198.0,14.071247279470288,14.533497543987302,7.54983443527075,57.0,42.46650245601269,0.07340150274741061,13.623699278217801,0.12906368993737047,0.006609992788303609,12.787206384317308,79
ecore04,5.0,7.0,6.0,80.94485294117649,9.000005631846568,-21.271578229070478,4.358898943540674,19.0,40.27157822907048,-0.26279099233806463,-3.805305467675851,0.13302449595826987,0.01307708982131959,1.8958808972452856,34
ecore04,7.0,10.0,8.5,14.0,3.7416573867739413,-35.99678073114037,2.0,4.0,39.99678073114036,-2.5711986236528834,-0.38892366805148143,0.1035402635863407,0.04062030569073908,9.664234434026018e-08,1
ecore05,0.8,1.0,0.9,23929.0,154.69001260585637,1811.7893355945696,47.59201613716318,2265.0,453.2106644054303,0.07571521315535834,13.207385389619423,0.13276954449375325,0.011053083377206133,391.8560087291412,285
ecore05,1.0,1.3,1.15,33129.0,182.01373574541017,3003.797328145683,60.01666435249463,3602.0,598.2026718543167,0.0906697252602156,11.029039705701894,0.13213154194728174,0.010848779393878622,359.8041289941069,286
ecore05,1.3,1.7,1.5,21202.0,145.60906565183365,2239.840717855072,50.7444578254611,2575.0,335.15928214492794,0.10564289773866012,9.46585167015964,0.13232503324459774,0.010717122244383388,317.6955574270348,286
ecore05,1.7,2.0,1.85,7820.0,88.43076387773658,925.9553655213066,32.29551052391029,1043.0,117.04463447869333,0.11840861451679112,8.445331482686958,0.1324957281591243,0.0119579282768973,300.64696886256735,277
ecore05,2.0,2.5,2.25,5818.0,76.27581530209953,796.2845602830081,29.58039891549808,875.0,78.71543971699202,0.13686568585132486,7.306433265429911,0.1320356442085945,0.010525018756251456,286.1453222845319,276
ecore05,2.5,3.0,2.75,2021.0,44.955533585978046,306.87149112333594,19.0,361.0,54.12850887666402,0.1518414107488055,6.585818684563734,0.13343521708717293,0.009861881026675318,111.87431566341272,217
ecore05,3.0,4.0,3.5,1056.9490246949167,32.511536451682616,152.61479623872856,14.071247279470288,198.0,45.38520376127142,0.14439182275869936,6.925599946689168,0.13272508334967925,0.00973252454122561,58.82103429844908,166
ecore05,4.0,5.0,4.5,198.0,14.071247279470288,2.462750230861675,6.855654600401044,47.0,44.53724976913834,0.012438132479099369,80.39792160763422,0.13235797445548783,0.0060000013455766615,11.819169341438444,57
ecore05,5.0,7.0,6.0,80.94485294117649,9.000005631846568,-26.139125223853096,3.872983346207417,15.0,41.1391252238531,-0.3229251060947468,-3.0966932614604397,0.14040081659267534,0.006000000356208258,1.134691296744881,26
ecore05,7.0,10.0,8.5,14.0,3.7416573867739413,-35.99678073114037,2.0,4.0,39.99678073114036,-2.5711986236528834,-0.38892366805148143,0.1035402635863407,0.04062030569073908,9.664234434026018e-08,1
pte03,0.8,1.0,0.9,20696.0,143.86104406683555,2931.8305301334867,66.6783323126786,4446.0,1514.1694698665137,0.14166169936864548,7.0590710435973625,0.13213865277840434,0.011043099882351129,1135.4970707080236,282
pte03,1.0,1.3,1.15,30530.0,174.72836060582725,4671.705661295573,81.68231142664855,6672.0,2000.294338704427,0.15302016578105382,6.535086371758558,0.13165883321108984,0.010866648025214212,797.7413717261958,286
pte03,1.3,1.7,1.5,20094.0,141.7533068397348,3657.7144166106696,69.16646586316233,4784.0,1126.285583389331,0.18203017898928384,5.493594554224276,0.1317654772600148,0.010995019722078524,441.5641740403379,286
pte03,1.7,2.0,1.85,7575.0,87.03447592764606,1484.194677494304,42.80186911806539,1832.0,347.80532250569576,0.19593329075832394,5.103777903845145,0.13140789122198696,0.011305664469667768,399.77952188073675,286
pte03,2.0,2.5,2.25,5712.0,75.57777451076474,1227.7828265653727,38.600518131237564,1490.0,262.2171734346276,0.2149479738384756,4.652288561470498,0.1315742174169847,0.011332012757516842,280.8069832211516,285
pte03,2.5,3.0,2.75,1994.0,44.654227123532216,485.2840259318909,23.664319132398465,560.0,74.71597406810909,0.24337212935400745,4.108933930332699,0.1330330952234233,0.011446309303570549,290.81862230213824,271
pte03,3.0,4.0,3.5,1050.9483681270215,32.41913020172312,255.30781126693046,17.69180601295413,313.0,57.69218873306957,0.2429308793941369,4.116397234036172,0.1327053163112216,0.011512468850107059,138.69430853674626,233
pte03,4.0,5.0,4.5,198.0,14.071247279470288,21.366629595584595,8.06225774829855,65.0,43.6333704044154,0.10791227068477068,9.266786748665153,0.12819924792940987,0.0069366629568091715,17.894469704818523,100
pte03,5.0,7.0,6.0,80.95271867612294,9.000006209785601,-19.843894696312283,4.69041575982343,22.0,41.843894696312276,-0.2451294412446367,-4.0794773362291075,0.12483655564782394,0.006000000858527397,2.347778678465394,46
pte03,7.0,10.0,8.5,14.0,3.7416573867739413,-35.995944478588775,2.0,4.0,39.99594447858878,-2.5711388913277697,-0.3889327034696235,0.13990551083901964,0.026609712479156295,2.8859603607639136e-07,3
pte04,0.8,1.0,0.9,8125.0,90.13878188659973,1155.9894826505886,41.060930335295616,1686.0,530.0105173494114,0.1422756286339186,7.0286106594759366,0.13198319967321084,0.010711084359859856,647.9181066397442,268
pte04,1.0,1.3,1.15,21530.0,146.7310464761974,3286.993213158846,68.16890786861705,4647.0,1360.0067868411536,0.1526703768304155,6.550059158567404,0.13177902061191277,0.01087173610747336,756.7143985305466,286
pte04,1.3,1.7,1.5,16490.0,128.41339493993607,2988.744067147804,62.4099351065197,3895.0,906.255932852195,0.18124585003928464,5.517367706809575,0.13155815393470738,0.011002978209451215,385.9457002924004,286
pte04,1.7,2.0,1.85,6793.0,82.41965784932621,1349.258501915872,40.8166632639171,1666.0,316.741498084128,0.19862483467037717,5.034617154795999,0.13146713788473233,0.011390499275928598,367.483656344247,286
pte04,2.0,2.5,2.25,5313.0,72.89032857656768,1150.1402623199515,37.255872020394314,1388.0,237.85973768004916,0.21647661628457585,4.619436580094267,0.13165044218782906,0.011335455880356322,274.48274444696597,285
pte04,2.5,3.0,2.75,1907.0,43.669211121796096,461.25629693978976,23.130067012440755,535.0,73.7437030602104,0.24187535235437324,4.134360902283641,0.1328539634589374,0.011300750825311632,270.4539799602644,270
pte04,3.0,4.0,3.5,1016.0,31.874754901018456,248.57676938939417,17.46424919657298,305.0,56.42323061060585,0.2446621745958604,4.087268502586585,0.132614593542198,0.011564426007800693,136.33985172450517,233
pte04,4.0,5.0,4.5,196.0,14.0,20.273798320428728,8.0,64.0,43.72620167957128,0.10343774653279963,9.667650674146353,0.128493973496694,0.006968849169807577,17.808811934635493,100
pte04,5.0,7.0,6.0,80.0,8.94427190999916,-20.028426625408986,4.58257569495584,21.0,41.02842662540898,-0.25035533281761235,-3.994322744179431,0.13114107644328227,0.011994653591191494,2.394483872043723,46
pte04,7.0,10.0,8.5,14.0,3.7416573867739413,-35.995944478588775,2.0,4.0,39.99594447858878,-2.5711388913277697,-0.3889327034696235,0.13990551083901964,0.026609712479156295,2.8859603607639136e-07,3
eid0,0.8,1.0,0.9,0.0,0.0,0.0,0.0,0.0,0.0,,,,,,-999
eid0,1.0,1.3,1.15,0.0,0.0,0.0,0.0,0.0,0.0,,,,,,-999
eid0,1.3,1.7,1.5,0.0,0.0,0.0,0.0,0.0,0.0,,,,,,-999
eid0,1.7,2.0,1.85,0.0,0.0,0.0,0.0,0.0,0.0,,,,,,-999
eid0,2.0,2.5,2.25,0.0,0.0,0.0,0.0,0.0,0.0,,,,,,-999
eid0,2.5,3.0,2.75,0.0,0.0,0.0,0.0,0.0,0.0,,,,,,-999
eid0,3.0,4.0,3.5,0.0,0.0,0.0,0.0,0.0,0.0,,,,,,-999
eid0,4.0,5.0,4.5,0.0,0.0,0.0,0.0,0.0,0.0,,,,,,-999
eid0,5.0,7.0,6.0,0.0,0.0,0.0,0.0,0.0,0.0,,,,,,-999
eid0,7.0,10.0,8.5,0.0,0.0,0.0,0.0,0.0,0.0,,,,,,-999
eid1,0.8,1.0,0.9,23929.0,154.69001260585637,3414.0770739806276,71.68681887209112,5139.0,1724.9229260193729,0.14267529248947416,7.008922025330873,0.13212110380367242,0.01110854176494792,1263.5658068838727,285
eid1,1.0,1.3,1.15,33129.0,182.01373574541017,5074.530000642796,85.17041739947034,7254.0,2179.4699993572035,0.15317486192287108,6.528486381163086,0.1317009046556005,0.010925803969634391,774.0260528757294,286
eid1,1.3,1.7,1.5,21202.0,145.60906565183365,3833.7134731142683,70.83784299369935,5018.0,1184.2865268857329,0.1808184828371978,5.5304080883167375,0.13172607167425882,0.010950709389710376,441.4273217561305,286
eid1,1.7,2.0,1.85,7820.0,88.43076387773658,1520.5938601092823,43.32435804486894,1877.0,356.40613989071755,0.19444934272497216,5.142727591598976,0.13151853570574876,0.011339769800367293,402.90991836968334,286
eid1,2.0,2.5,2.25,5818.0,76.27581530209953,1236.9549800167604,38.781438859330635,1504.0,267.0450199832396,0.21260828119916816,4.70348565145125,0.13159472832609742,0.011335285625207603,281.5210691173338,285
eid1,2.5,3.0,2.75,2021.0,44.955533585978046,489.68466730533214,23.769728648009426,565.0,75.31533269466775,0.2422982025261416,4.127145763254723,0.13280436380667526,0.011231210997642542,298.02616798485775,271
eid1,3.0,4.0,3.5,1056.9490246949167,32.511536451682616,258.1709010391121,17.776388834631177,316.0,57.82909896088791,0.24426050358827087,4.093989758105202,0.13278649693998026,0.011394502165106445,138.50816458340108,233
eid1,4.0,5.0,4.5,198.0,14.071247279470288,21.366629595584595,8.06225774829855,65.0,43.6333704044154,0.10791227068477068,9.266786748665153,0.12819924792940987,0.0069366629568091715,17.894469704818523,100
eid1,5.0,7.0,6.0,80.94485294117649,9.000005631846568,-19.843894696312283,4.69041575982343,22.0,41.843894696312276,-0.24515326145237495,-4.079080955626064,0.12483655564782394,0.006000000858527397,2.347778678465394,46
eid1,7.0,10.0,8.5,14.0,3.7416573867739413,-35.995944478588775,2.0,4.0,39.99594447858878,-2.5711388913277697,-0.3889327034696235,0.13990551083901964,0.026609712479156295,2.8859603607639136e-07,3
eid3,0.8,1.0,0.9,7098.0,84.24962907930218,1073.0880610989948,39.736632972611055,1579.0,505.91193890100544,0.15118174994350447,6.614555000016158,0.13201894438356318,0.011017983843347283,588.7719625365546,267
eid3,1.0,1.3,1.15,11438.0,106.94858577840101,1799.1524837722943,50.02999100539596,2503.0,703.8475162277055,0.15729607306979318,6.3574377953879,0.13138525803613557,0.010957648920257277,608.2276043807209,283
eid3,1.3,1.7,1.5,8296.0,91.0823802938856,1554.10107865912,44.88875137492688,2015.0,460.89892134088024,0.18733137399459018,5.338134123912839,0.1318555234399646,0.011051247616978468,323.6478780250247,285
eid3,1.7,2.0,1.85,3421.0,58.489315263559035,713.5681162894525,29.171904291629644,851.0,137.43188371054714,0.20858465837166107,4.794216448163587,0.13175914900989857,0.011576121239973524,285.4175851070207,278
eid3,2.0,2.5,2.25,2539.0,50.38849074937649,549.1821436916513,25.436194683953808,647.0,97.81785630834861,0.21629859932715687,4.623238444958563,0.13146649130366042,0.011490535757300798,276.83152079214824,280
eid3,2.5,3.0,2.75,940.0,30.659419433511783,207.38026040250972,16.217274740226856,263.0,55.61973959749026,0.22061729830054225,4.532736134941337,0.13199008660378606,0.010271225922442444,111.6103707739815,219
eid3,3.0,4.0,3.5,488.0,22.090722034374522,99.24310522696824,12.0,144.0,44.756894773031775,0.2033670189077218,4.917218167286761,0.13135576965720328,0.011395399987243591,54.47750336347986,153
eid3,4.0,5.0,4.5,98.0,9.899494936611665,-10.226504483474177,5.385164807134504,29.0,39.22650448347418,-0.10435208656606303,-9.582942065724023,0.1322719368041672,0.01091624896475723,7.242522040636212,50
eid3,5.0,7.0,6.0,28.956310679611647,5.385184498610939,-42.433445770753025,2.6457513110645907,7.0,49.433445770753025,-1.465429979677305,-0.6823935731273937,0.14981035562320133,0.010647985345529925,0.8222124673947503,11
eid3,7.0,10.0,8.5,7.0,2.6457513110645907,-38.99111463927421,1.0,1.0,39.99111463927421,-5.57015923418203,-0.17952808132725645,0.12815611983964487,0.02116118231643059,4.3604985066971785e-07,0
chi2_4,0.8,1.0,0.9,23929.0,154.69001260585637,3456.5768531570197,72.77362159464101,5296.0,1839.4231468429803,0.1444513708536512,6.922744963169199,0.13202092046604919,0.011027848228302113,1281.5119681682577,285
chi2_4,1.0,1.3,1.15,33129.0,182.01373574541017,5143.515104977471,86.35971282953643,7458.0,2314.4848950225296,0.1552571796606439,6.440925966746064,0.13168698928294387,0.010899246172413172,800.3702834556759,286
chi2_4,1.3,1.7,1.5,21202.0,145.60906565183365,3915.22432267605,71.93052203341777,5174.0,1258.7756773239491,0.18466297154400765,5.4152708127611096,0.1316660598368152,0.01094030607165248,451.4232933503265,286
chi2_4,1.7,2.0,1.85,7820.0,88.43076387773658,1513.7207558285472,43.71498598878879,1911.0,397.2792441714521,0.19357042913408531,5.166078333727848,0.13147375381422607,0.011174479369122269,395.8842200374251,286
chi2_4,2.0,2.5,2.25,5818.0,76.27581530209953,1272.0214811220822,39.370039370059054,1550.0,277.97851887791774,0.21863552442799625,4.5738221298494075,0.13150884552483197,0.011429913606102926,282.8484814655836,285
chi2_4,2.5,3.0,2.75,2021.0,44.955533585978046,501.94833847341727,24.08318915758459,580.0,78.05166152658269,0.24836632284681706,4.026310767650903,0.13280002494830778,0.011254541317973077,305.6278302215947,273
chi2_4,3.0,4.0,3.5,1056.9490246949167,32.511536451682616,264.6365977106969,17.944358444926362,322.0,57.363402289302975,0.2503778247840126,3.9939639257695676,0.13260144467277907,0.011525570820632648,146.07242549321597,235
chi2_4,4.0,5.0,4.5,198.0,14.071247279470288,24.78944396081567,8.306623862918075,69.0,44.21055603918433,0.12519921192331146,7.987270723497302,0.12926495321952353,0.0060000038886568316,21.193743251192256,103
chi2_4,5.0,7.0,6.0,80.94485294117649,9.000005631846568,-19.8522301032126,4.69041575982343,22.0,41.8522301032126,-0.24525623781958605,-4.077368261416511,0.12483609392362621,0.006000001264843827,2.3496327363911904,48
chi2_4,7.0,10.0,8.5,14.0,3.7416573867739413,-35.98604124182926,2.0,4.0,39.98604124182927,-2.570431517273519,-0.38903973643332446,0.1402315962515747,0.027379618517746916,3.0755116871754753e-06,4
chi2_5,0.8,1.0,0.9,23929.0,154.69001260585637,3488.749357205176,73.33484846919642,5378.0,1889.250642794825,0.14579586933031785,6.858904882513381,0.13198937645186348,0.01105870020655051,1322.0315460326565,285
chi2_5,1.0,1.3,1.15,33129.0,182.01373574541017,5177.467041779893,86.95976080923866,7562.0,2384.532958220107,0.15628202003621883,6.398688728033123,0.13167675846828497,0.010919723752382421,808.5267397547236,286
chi2_5,1.3,1.7,1.5,21202.0,145.60906565183365,3934.5452780694036,72.2841614740048,5225.0,1290.4547219305973,0.1855742513946516,5.388678615080868,0.13165512180089645,0.010976007340772727,451.5058136952029,286
chi2_5,1.7,2.0,1.85,7820.0,88.43076387773658,1528.4314000359425,43.98863489584554,1935.0,406.56859996405836,0.19545158568234558,5.1163565468598105,0.13143003475210352,0.011154081885874162,400.74418786095697,286
chi2_5,2.0,2.5,2.25,5818.0,76.27581530209953,1285.546940473084,39.67366884975475,1574.0,288.453059526916,0.22096028540273016,4.5257001645221635,0.1314553426791563,0.011438233090693407,293.1502897465621,285
chi2_5,2.5,3.0,2.75,2021.0,44.955533585978046,506.12433518140966,24.228082879171435,587.0,80.8756648185904,0.25043262502791175,3.9930899573829324,0.13267576894864866,0.011389027745438006,310.3223151459693,274
chi2_5,3.0,4.0,3.5,1056.9490246949167,32.511536451682616,269.63170925411254,18.110770276274835,328.0,58.36829074588736,0.2551037968287453,3.91997301659651,0.13244366145040123,0.011602928359666424,149.72848641045286,238
chi2_5,4.0,5.0,4.5,198.0,14.071247279470288,27.143080583880117,8.426149773176359,71.0,43.85691941611987,0.1370862655751521,7.294676792050986,0.1293938230917234,0.006000000797798166,22.973507457252445,105
chi2_5,5.0,7.0,6.0,80.94485294117649,9.000005631846568,-19.825403960180438,4.69041575982343,22.0,41.82540396018044,-0.24492482523364117,-4.082885428400612,0.12483408533144917,0.006000000191289606,2.352619467356655,50
chi2_5,7.0,10.0,8.5,14.0,3.7416573867739413,-35.98604124182926,2.0,4.0,39.98604124182927,-2.570431517273519,-0.38903973643332446,0.1402315962515747,0.027379618517746916,3.0755116871754753e-06,4
escale099,0.8,1.0,0.9,23929.0,154.69001260585637,3355.2339027477014,71.17583859709698,5066.0,1710.7660972522983,0.14021621892881864,7.131842575983697,0.13140222421846032,0.010878508318504254,1183.8026515626577,284
escale099,1.0,1.3,1.15,33129.0,182.01373574541017,5036.141483503119,84.69356528095862,7173.0,2136.8585164968817,0.1520161032178188,6.5782504539478515,0.1310321419713032,0.010841485352662418,771.8621080124742,286
escale099,1.3,1.7,1.5,21202.0,145.60906565183365,3784.4962031210807,70.42016756583301,4959.0,1174.5037968789202,0.178497132493212,5.60233089480039,0.1310502235350505,0.010864672209999824,451.95706026123565,286
escale099,1.7,2.0,1.85,7820.0,88.43076387773658,1465.532095312744,43.05810028322197,1854.0,388.4679046872561,0.18740819633155295,5.335945916852277,0.1307865260797012,0.011103939171316905,316.41586671649054,285
escale099,2.0,2.5,2.25,5818.0,76.27581530209953,1238.9648468665043,38.54867053479276,1486.0,247.03515313349556,0.21295373785948854,4.695855588408697,0.13082009096493408,0.011388092153868778,294.60195624399034,286
escale099,2.5,3.0,2.75,2021.0,44.955533585978046,477.27470003768764,23.643180835073778,559.0,81.72529996231242,0.23615769422943475,4.234458687712576,0.132476022386243,0.010904649524390962,256.4930632868926,263
escale099,3.0,4.0,3.5,1056.9490246949167,32.511536451682616,259.90850296736346,17.86057109949175,319.0,59.09149703263651,0.24590448251975522,4.06661964740583,0.13251394553319287,0.010481035974030835,142.00847553960642,231
escale099,4.0,5.0,4.5,198.0,14.071247279470288,18.717106461347505,8.06225774829855,65.0,46.2828935386525,0.0945308407138763,10.578558198025302,0.12903386607516137,0.006000016224315045,24.15108908254599,97
escale099,5.0,7.0,6.0,80.94485294117649,9.000005631846568,-18.283793396630546,4.69041575982343,22.0,40.28379339663056,-0.22587962955368612,-4.427136709830331,0.12871551172155413,0.012574079152400774,2.653838014429412,46
escale099,7.0,10.0,8.5,14.0,3.7416573867739413,-35.952517613283774,2.0,4.0,39.952517613283774,-2.5680369723774126,-0.3894024933271228,0.1372425375407223,0.029317106063138153,4.164078160104589e-06,3
escale101,0.8,1.0,0.9,23929.0,154.69001260585637,3417.083258025336,71.56814934033156,5122.0,1704.916741974665,0.14280092181141443,7.00275591582398,0.13277295809520465,0.011189035022725089,1226.9358200976599,285
escale101,1.0,1.3,1.15,33129.0,182.01373574541017,5080.595610695182,85.04704580407247,7233.0,2152.4043893048197,0.15335795257011023,6.5206921665365405,0.13230133674169597,0.010939957054489162,769.4635907554145,286
escale101,1.3,1.7,1.5,21202.0,145.60906565183365,3820.6320259678682,70.74602462329597,5005.0,1184.367974032134,0.18020149165021546,5.549343631078674,0.13233068976685602,0.010990180488443553,422.9862330297893,286
escale101,1.7,2.0,1.85,7820.0,88.43076387773658,1519.9757928575389,43.278170016764804,1873.0,353.0242071424616,0.19437030599201263,5.144818777211235,0.13214931941657881,0.011286294706382654,396.92435430226266,286
escale101,2.0,2.5,2.25,5818.0,76.27581530209953,1258.9884425432642,38.79432948254165,1505.0,246.0115574567358,0.21639540091840223,4.621170301013362,0.13231350664808242,0.011545574785237765,330.79352159068264,286
escale101,2.5,3.0,2.75,2021.0,44.955533585978046,482.662169185414,23.769728648009426,565.0,82.33783081458616,0.23882343848857693,4.187193712345074,0.13316953526248126,0.01146842310558899,270.4992353427881,266
escale101,3.0,4.0,3.5,1056.9490246949167,32.511536451682616,254.1847784498199,17.776388834631177,316.0,61.81522155018013,0.24048915558930492,4.158191655459712,0.13341614388837786,0.011243796672846406,136.7085422363293,231
escale101,4.0,5.0,4.5,198.0,14.071247279470288,18.363243606854777,8.0,64.0,45.63675639314522,0.09274365458007464,10.782408829238044,0.13361691557197722,0.007582255259268294,16.713214742710782,98
escale101,5.0,7.0,6.0,80.94485294117649,9.000005631846568,-23.35963908570094,4.69041575982343,22.0,45.35963908570094,-0.28858708413092854,-3.465158543084041,0.13995511686738432,0.00600000003369584,3.381958221514039,44
escale101,7.0,10.0,8.5,14.0,3.7416573867739413,-35.9816055187145,2.0,4.0,39.981605518714495,-2.570114679908179,-0.3890876962874382,0.136203888645243,0.028469403644157308,8.343778995340749e-07,3
